[
{
  "model": "auth.group",
  "fields": {
    "name": "Owner",
    "permissions": [
      [
        "add_logentry",
        "admin",
        "logentry"
      ],
      [
        "change_logentry",
        "admin",
        "logentry"
      ],
      [
        "delete_logentry",
        "admin",
        "logentry"
      ],
      [
        "view_logentry",
        "admin",
        "logentry"
      ],
      [
        "add_group",
        "auth",
        "group"
      ],
      [
        "change_group",
        "auth",
        "group"
      ],
      [
        "delete_group",
        "auth",
        "group"
      ],
      [
        "view_group",
        "auth",
        "group"
      ],
      [
        "add_permission",
        "auth",
        "permission"
      ],
      [
        "change_permission",
        "auth",
        "permission"
      ],
      [
        "delete_permission",
        "auth",
        "permission"
      ],
      [
        "view_permission",
        "auth",
        "permission"
      ],
      [
        "add_user",
        "auth",
        "user"
      ],
      [
        "change_user",
        "auth",
        "user"
      ],
      [
        "delete_user",
        "auth",
        "user"
      ],
      [
        "view_user",
        "auth",
        "user"
      ],
      [
        "add_contenttype",
        "contenttypes",
        "contenttype"
      ],
      [
        "change_contenttype",
        "contenttypes",
        "contenttype"
      ],
      [
        "delete_contenttype",
        "contenttypes",
        "contenttype"
      ],
      [
        "view_add_partner_btn",
        "contenttypes",
        "contenttype"
      ],
      [
        "view_add_seller_btn",
        "contenttypes",
        "contenttype"
      ],
      [
        "view_add_store_btn",
        "contenttypes",
        "contenttype"
      ],
      [
        "view_contenttype",
        "contenttypes",
        "contenttype"
      ],
      [
        "add_key",
        "license_key_shop",
        "key"
      ],
      [
        "change_key",
        "license_key_shop",
        "key"
      ],
      [
        "delete_key",
        "license_key_shop",
        "key"
      ],
      [
        "view_key",
        "license_key_shop",
        "key"
      ],
      [
        "add_product",
        "license_key_shop",
        "product"
      ],
      [
        "change_product",
        "license_key_shop",
        "product"
      ],
      [
        "delete_product",
        "license_key_shop",
        "product"
      ],
      [
        "view_product",
        "license_key_shop",
        "product"
      ],
      [
        "add_seller",
        "license_key_shop",
        "userextended"
      ],
      [
        "add_userextended",
        "license_key_shop",
        "userextended"
      ],
      [
        "change_userextended",
        "license_key_shop",
        "userextended"
      ],
      [
        "delete_userextended",
        "license_key_shop",
        "userextended"
      ],
      [
        "view_userextended",
        "license_key_shop",
        "userextended"
      ],
      [
        "add_partner",
        "license_key_shop",
        "userproduct"
      ],
      [
        "add_store",
        "license_key_shop",
        "userproduct"
      ],
      [
        "add_userproduct",
        "license_key_shop",
        "userproduct"
      ],
      [
        "change_userproduct",
        "license_key_shop",
        "userproduct"
      ],
      [
        "delete_userproduct",
        "license_key_shop",
        "userproduct"
      ],
      [
        "view_userproduct",
        "license_key_shop",
        "userproduct"
      ],
      [
        "add_session",
        "sessions",
        "session"
      ],
      [
        "change_session",
        "sessions",
        "session"
      ],
      [
        "delete_session",
        "sessions",
        "session"
      ],
      [
        "view_session",
        "sessions",
        "session"
      ]
    ]
  }
},
{
  "model": "auth.group",
  "fields": {
    "name": "Partner",
    "permissions": [
      [
        "add_logentry",
        "admin",
        "logentry"
      ],
      [
        "change_logentry",
        "admin",
        "logentry"
      ],
      [
        "delete_logentry",
        "admin",
        "logentry"
      ],
      [
        "view_logentry",
        "admin",
        "logentry"
      ],
      [
        "add_group",
        "auth",
        "group"
      ],
      [
        "change_group",
        "auth",
        "group"
      ],
      [
        "delete_group",
        "auth",
        "group"
      ],
      [
        "view_group",
        "auth",
        "group"
      ],
      [
        "add_permission",
        "auth",
        "permission"
      ],
      [
        "change_permission",
        "auth",
        "permission"
      ],
      [
        "delete_permission",
        "auth",
        "permission"
      ],
      [
        "view_permission",
        "auth",
        "permission"
      ],
      [
        "add_user",
        "auth",
        "user"
      ],
      [
        "change_user",
        "auth",
        "user"
      ],
      [
        "delete_user",
        "auth",
        "user"
      ],
      [
        "view_user",
        "auth",
        "user"
      ],
      [
        "add_contenttype",
        "contenttypes",
        "contenttype"
      ],
      [
        "change_contenttype",
        "contenttypes",
        "contenttype"
      ],
      [
        "delete_contenttype",
        "contenttypes",
        "contenttype"
      ],
      [
        "view_contenttype",
        "contenttypes",
        "contenttype"
      ],
      [
        "add_key",
        "license_key_shop",
        "key"
      ],
      [
        "change_key",
        "license_key_shop",
        "key"
      ],
      [
        "delete_key",
        "license_key_shop",
        "key"
      ],
      [
        "view_key",
        "license_key_shop",
        "key"
      ],
      [
        "add_product",
        "license_key_shop",
        "product"
      ],
      [
        "change_product",
        "license_key_shop",
        "product"
      ],
      [
        "delete_product",
        "license_key_shop",
        "product"
      ],
      [
        "view_product",
        "license_key_shop",
        "product"
      ],
      [
        "add_userextended",
        "license_key_shop",
        "userextended"
      ],
      [
        "change_userextended",
        "license_key_shop",
        "userextended"
      ],
      [
        "delete_userextended",
        "license_key_shop",
        "userextended"
      ],
      [
        "view_userextended",
        "license_key_shop",
        "userextended"
      ],
      [
        "add_userproduct",
        "license_key_shop",
        "userproduct"
      ],
      [
        "change_userproduct",
        "license_key_shop",
        "userproduct"
      ],
      [
        "delete_userproduct",
        "license_key_shop",
        "userproduct"
      ],
      [
        "view_userproduct",
        "license_key_shop",
        "userproduct"
      ],
      [
        "add_session",
        "sessions",
        "session"
      ],
      [
        "change_session",
        "sessions",
        "session"
      ],
      [
        "delete_session",
        "sessions",
        "session"
      ],
      [
        "view_session",
        "sessions",
        "session"
      ]
    ]
  }
},
{
  "model": "auth.group",
  "fields": {
    "name": "Store",
    "permissions": [
      [
        "view_add_seller_btn",
        "contenttypes",
        "contenttype"
      ],
      [
        "change_key",
        "license_key_shop",
        "key"
      ],
      [
        "view_key",
        "license_key_shop",
        "key"
      ],
      [
        "change_product",
        "license_key_shop",
        "product"
      ],
      [
        "view_product",
        "license_key_shop",
        "product"
      ],
      [
        "add_seller",
        "license_key_shop",
        "userextended"
      ]
    ]
  }
},
{
  "model": "auth.group",
  "fields": {
    "name": "Seller",
    "permissions": [
      [
        "change_key",
        "license_key_shop",
        "key"
      ],
      [
        "view_key",
        "license_key_shop",
        "key"
      ],
      [
        "change_product",
        "license_key_shop",
        "product"
      ],
      [
        "view_product",
        "license_key_shop",
        "product"
      ]
    ]
  }
},
{
  "model": "auth.user",
  "fields": {
    "password": "pbkdf2_sha256$260000$zGf7rIr1wCUYmam84K9oE6$jfIQE28vDRnKsOUJ+ocqQsYtGw/PitEdGABxvUPUXM8=",
    "last_login": "2021-10-21T08:41:42.857",
    "is_superuser": true,
    "username": "funeral",
    "first_name": "",
    "last_name": "",
    "email": "funeral@company.com",
    "is_staff": true,
    "is_active": true,
    "date_joined": "2021-10-18T09:39:54",
    "groups": [
      [
        "Owner"
      ]
    ],
    "user_permissions": []
  }
},
{
  "model": "auth.user",
  "fields": {
    "password": "pbkdf2_sha256$260000$JVlafxuopzAyqZZ6gBLvFF$M4gfkesOhe6kh1yuDkcrtHc8B4JVPmw7p6RDTvuIbEE=",
    "last_login": "2021-10-20T15:10:05.431",
    "is_superuser": false,
    "username": "TestUser",
    "first_name": "",
    "last_name": "",
    "email": "",
    "is_staff": false,
    "is_active": true,
    "date_joined": "2021-10-18T10:10:41",
    "groups": [
      [
        "Seller"
      ]
    ],
    "user_permissions": []
  }
},
{
  "model": "auth.user",
  "fields": {
    "password": "pbkdf2_sha256$260000$DeV0PeZOe82OHVvldWtsGi$x9YhfbVLGMhu1tZ885X6q6OcyDM9fsi4V3eJ32n1BqQ=",
    "last_login": null,
    "is_superuser": false,
    "username": "VanyaPartner",
    "first_name": "",
    "last_name": "",
    "email": "",
    "is_staff": false,
    "is_active": true,
    "date_joined": "2021-10-19T13:30:42",
    "groups": [
      [
        "Partner"
      ]
    ],
    "user_permissions": []
  }
},
{
  "model": "auth.user",
  "fields": {
    "password": "pbkdf2_sha256$260000$9Sk7Vup08mJvJwy6JlSbND$+OnH4boTd4lkdSZnl5eIQ2vS/NaFQCz6oDiAZYAoufc=",
    "last_login": "2021-10-21T08:41:08.350",
    "is_superuser": false,
    "username": "SellerUser",
    "first_name": "",
    "last_name": "",
    "email": "",
    "is_staff": true,
    "is_active": true,
    "date_joined": "2021-10-19T13:54:20",
    "groups": [
      [
        "Seller"
      ]
    ],
    "user_permissions": []
  }
},
{
  "model": "auth.user",
  "fields": {
    "password": "pbkdf2_sha256$260000$OVT84f4bF6a497NTl6Z059$AIwbnvNq+Hw+l3ynlO0yfXa6iJ2L97lYjsMHFrLHbfo=",
    "last_login": null,
    "is_superuser": false,
    "username": "AlinasMagazine",
    "first_name": "",
    "last_name": "",
    "email": "",
    "is_staff": false,
    "is_active": true,
    "date_joined": "2021-10-19T15:41:53",
    "groups": [
      [
        "Store"
      ]
    ],
    "user_permissions": []
  }
},
{
  "model": "auth.user",
  "fields": {
    "password": "pbkdf2_sha256$260000$ytazvZ7Dd0V4i1PrupB0GI$RNN+hBRIm07aUHpGHVOAK1S3MA5z8id7xr+4e1jlThc=",
    "last_login": null,
    "is_superuser": false,
    "username": "Seller2",
    "first_name": "",
    "last_name": "",
    "email": "",
    "is_staff": false,
    "is_active": true,
    "date_joined": "2021-10-20T06:57:07",
    "groups": [
      [
        "Seller"
      ]
    ],
    "user_permissions": []
  }
},
{
  "model": "auth.user",
  "fields": {
    "password": "pbkdf2_sha256$260000$O9DnDUpoT5mEkEIKKITq6w$tdUOpaMPufWJHLmNxOVeMbONSza7WgRKGO195OdoYrE=",
    "last_login": null,
    "is_superuser": false,
    "username": "VyaceslaPartner",
    "first_name": "",
    "last_name": "",
    "email": "",
    "is_staff": false,
    "is_active": true,
    "date_joined": "2021-10-20T15:00:20",
    "groups": [
      [
        "Partner"
      ]
    ],
    "user_permissions": []
  }
},
{
  "model": "auth.user",
  "fields": {
    "password": "pbkdf2_sha256$260000$q91Mu4p6WiywlNk73UnE0A$n+jwsuZA2c4DjpfJy0KhbMNn77xsLW6BDuSqAgeoGrY=",
    "last_login": null,
    "is_superuser": false,
    "username": "PostmanPartner6",
    "first_name": "",
    "last_name": "",
    "email": "",
    "is_staff": false,
    "is_active": true,
    "date_joined": "2021-10-22T08:19:27.292",
    "groups": [],
    "user_permissions": []
  }
},
{
  "model": "sessions.session",
  "pk": "8wxzkf1i6zgt9r4tygqsgbbrge8ebspn",
  "fields": {
    "session_data": ".eJxVjEsOwjAMBe-SNYocNx-HJXvOENlORAuolfpZIe4OlbqA7ZuZ9zKFt7Uv29LmMlRzNs6cfjdhfbRxB_XO422yOo3rPIjdFXvQxV6n2p6Xw_076HnpvzVqAs8Zg-8caCIFEYqRKrusyBHBZ2ohKUWCkFEIMDRo4HLsMIl5fwCx_zZQ:1mdTdu:mpVrHhN5Lg8CQST1CYQ4RKGIxEBoi8uuIns5L6HA_NA",
    "expire_date": "2021-11-04T08:41:42.866"
  }
},
{
  "model": "sessions.session",
  "pk": "yjpco4rvuqlytkbufkf0jvuapl7l4wia",
  "fields": {
    "session_data": ".eJxVjEsOwjAMBe-SNYocNx-HJXvOENlORAuolfpZIe4OlbqA7ZuZ9zKFt7Uv29LmMlRzNs6cfjdhfbRxB_XO422yOo3rPIjdFXvQxV6n2p6Xw_076HnpvzVqAs8Zg-8caCIFEYqRKrusyBHBZ2ohKUWCkFEIMDRo4HLsMIl5fwCx_zZQ:1mdTYM:lVQa3PHKpWtZsd4siqVa7tf5XoRNRw5AVQFUW7jyGRY",
    "expire_date": "2021-11-04T08:35:58.473"
  }
},
{
  "model": "license_key_shop.userextended",
  "pk": 1,
  "fields": {
    "parent": null,
    "user": [
      "funeral"
    ]
  }
},
{
  "model": "license_key_shop.userextended",
  "pk": 2,
  "fields": {
    "parent": 3,
    "user": [
      "TestUser"
    ]
  }
},
{
  "model": "license_key_shop.userextended",
  "pk": 3,
  "fields": {
    "parent": 1,
    "user": [
      "VanyaPartner"
    ]
  }
},
{
  "model": "license_key_shop.userextended",
  "pk": 4,
  "fields": {
    "parent": 5,
    "user": [
      "SellerUser"
    ]
  }
},
{
  "model": "license_key_shop.userextended",
  "pk": 5,
  "fields": {
    "parent": 3,
    "user": [
      "AlinasMagazine"
    ]
  }
},
{
  "model": "license_key_shop.userextended",
  "pk": 6,
  "fields": {
    "parent": 5,
    "user": [
      "Seller2"
    ]
  }
},
{
  "model": "license_key_shop.userextended",
  "pk": 7,
  "fields": {
    "parent": 1,
    "user": [
      "VyaceslaPartner"
    ]
  }
},
{
  "model": "license_key_shop.userextended",
  "pk": 21,
  "fields": {
    "parent": 1,
    "user": [
      "PostmanPartner6"
    ]
  }
},
{
  "model": "license_key_shop.userextendedspecification",
  "pk": 1,
  "fields": {
    "user_extended": 4,
    "date_created": "2021-10-22",
    "due_date": "2021-10-31",
    "key_limit": 100,
    "daily_available_keys": 10,
    "sold_min": 5,
    "sold_min_due_date": "2021-10-25",
    "key_left": 100
  }
},
{
  "model": "license_key_shop.userextendedspecification",
  "pk": 2,
  "fields": {
    "user_extended": 7,
    "date_created": "2021-10-22",
    "due_date": "2021-10-31",
    "key_limit": 100,
    "daily_available_keys": 10,
    "sold_min": 5,
    "sold_min_due_date": "2021-10-31",
    "key_left": 0
  }
},
{
  "model": "license_key_shop.userextendedspecification",
  "pk": 3,
  "fields": {
    "user_extended": 6,
    "date_created": "2021-10-22",
    "due_date": "2021-10-31",
    "key_limit": 400,
    "daily_available_keys": 50,
    "sold_min": 20,
    "sold_min_due_date": "2021-10-31",
    "key_left": 0
  }
},
{
  "model": "license_key_shop.userextendedspecification",
  "pk": 4,
  "fields": {
    "user_extended": 1,
    "date_created": "2021-10-22",
    "due_date": "2021-10-31",
    "key_limit": 20000,
    "daily_available_keys": 1000,
    "sold_min": 500,
    "sold_min_due_date": "2021-10-31",
    "key_left": 1000
  }
},
{
  "model": "license_key_shop.userextendedspecification",
  "pk": 5,
  "fields": {
    "user_extended": 5,
    "date_created": "2021-10-22",
    "due_date": "2021-10-31",
    "key_limit": 111,
    "daily_available_keys": 11,
    "sold_min": 111,
    "sold_min_due_date": "2021-10-31",
    "key_left": 0
  }
},
{
  "model": "license_key_shop.userextendedspecification",
  "pk": 6,
  "fields": {
    "user_extended": 3,
    "date_created": "2021-10-22",
    "due_date": "2021-10-31",
    "key_limit": 111,
    "daily_available_keys": 11,
    "sold_min": 22,
    "sold_min_due_date": "2021-11-22",
    "key_left": 11
  }
},
{
  "model": "license_key_shop.userextendedspecification",
  "pk": 7,
  "fields": {
    "user_extended": 2,
    "date_created": "2021-10-22",
    "due_date": "2021-10-31",
    "key_limit": 1111,
    "daily_available_keys": 11,
    "sold_min": 11,
    "sold_min_due_date": "2021-10-31",
    "key_left": 20
  }
},
{
  "model": "license_key_shop.userextendedspecification",
  "pk": 8,
  "fields": {
    "user_extended": 21,
    "date_created": "2021-10-22",
    "due_date": "2021-10-31",
    "key_limit": 111,
    "daily_available_keys": 323,
    "sold_min": 23,
    "sold_min_due_date": "2021-10-31",
    "key_left": 11
  }
},
{
  "model": "license_key_shop.product",
  "pk": 1,
  "fields": {
    "name": "Bitdefender",
    "license_duration": 24,
    "device_count": 3
  }
},
{
  "model": "license_key_shop.product",
  "pk": 3,
  "fields": {
    "name": "Ad blocker",
    "license_duration": 12,
    "device_count": 3
  }
},
{
  "model": "license_key_shop.key",
  "pk": 1,
  "fields": {
    "product": 1,
    "key": "blblbllblblbllssfdsflllfls",
    "active": true
  }
},
{
  "model": "license_key_shop.key",
  "pk": 3,
  "fields": {
    "product": 1,
    "key": "fgodsfdofddf",
    "active": true
  }
},
{
  "model": "license_key_shop.key",
  "pk": 4,
  "fields": {
    "product": 1,
    "key": "bizonbizon",
    "active": true
  }
},
{
  "model": "license_key_shop.key",
  "pk": 5,
  "fields": {
    "product": 1,
    "key": "",
    "active": false
  }
},
{
  "model": "license_key_shop.key",
  "pk": 6,
  "fields": {
    "product": 3,
    "key": "bruhbruhbruhbruhbruhbruh",
    "active": true
  }
},
{
  "model": "license_key_shop.userproduct",
  "pk": 1,
  "fields": {
    "user": 1,
    "product": 1,
    "key_quantity": 4
  }
},
{
  "model": "license_key_shop.userproduct",
  "pk": 2,
  "fields": {
    "user": 2,
    "product": 1,
    "key_quantity": 1
  }
},
{
  "model": "license_key_shop.userproduct",
  "pk": 3,
  "fields": {
    "user": 2,
    "product": 3,
    "key_quantity": 1
  }
},
{
  "model": "license_key_shop.userproduct",
  "pk": 4,
  "fields": {
    "user": 3,
    "product": 3,
    "key_quantity": 10
  }
},
{
  "model": "license_key_shop.userproduct",
  "pk": 5,
  "fields": {
    "user": 4,
    "product": 1,
    "key_quantity": 120
  }
},
{
  "model": "license_key_shop.userproduct",
  "pk": 6,
  "fields": {
    "user": 4,
    "product": 3,
    "key_quantity": 380
  }
},
{
  "model": "license_key_shop.userproduct",
  "pk": 7,
  "fields": {
    "user": 3,
    "product": 1,
    "key_quantity": 1
  }
},
{
  "model": "license_key_shop.userproduct",
  "pk": 8,
  "fields": {
    "user": 5,
    "product": 3,
    "key_quantity": 50
  }
},
{
  "model": "license_key_shop.userproduct",
  "pk": 9,
  "fields": {
    "user": 6,
    "product": 3,
    "key_quantity": 2
  }
},
{
  "model": "license_key_shop.userproduct",
  "pk": 10,
  "fields": {
    "user": 7,
    "product": 3,
    "key_quantity": 100
  }
},
{
  "model": "license_key_shop.userproduct",
  "pk": 11,
  "fields": {
    "user": 7,
    "product": 1,
    "key_quantity": 100
  }
},
{
  "model": "license_key_shop.solddatelist",
  "pk": 8,
  "fields": {
    "created_by": 4,
    "created_date": "2021-10-19T10:17:18",
    "key": 3
  }
},
{
  "model": "license_key_shop.solddatelist",
  "pk": 9,
  "fields": {
    "created_by": 4,
    "created_date": "2021-10-19T12:26:00",
    "key": 1
  }
},
{
  "model": "license_key_shop.solddatelist",
  "pk": 10,
  "fields": {
    "created_by": 6,
    "created_date": "2021-10-21T06:58:55",
    "key": 6
  }
},
{
  "model": "license_key_shop.solddatelist",
  "pk": 11,
  "fields": {
    "created_by": 4,
    "created_date": "2021-10-20T10:53:42",
    "key": 4
  }
},
{
  "model": "admin.logentry",
  "pk": 1,
  "fields": {
    "action_time": "2021-10-18T09:40:22.107",
    "user": [
      "funeral"
    ],
    "content_type": [
      "license_key_shop",
      "product"
    ],
    "object_id": "1",
    "object_repr": "Product object (1)",
    "action_flag": 1,
    "change_message": "[{\"added\": {}}]"
  }
},
{
  "model": "admin.logentry",
  "pk": 2,
  "fields": {
    "action_time": "2021-10-18T09:40:43.581",
    "user": [
      "funeral"
    ],
    "content_type": [
      "license_key_shop",
      "userextended"
    ],
    "object_id": "1",
    "object_repr": "UserExtended object (1)",
    "action_flag": 1,
    "change_message": "[{\"added\": {}}]"
  }
},
{
  "model": "admin.logentry",
  "pk": 3,
  "fields": {
    "action_time": "2021-10-18T09:41:09.366",
    "user": [
      "funeral"
    ],
    "content_type": [
      "license_key_shop",
      "userproduct"
    ],
    "object_id": "1",
    "object_repr": "UserProduct object (1)",
    "action_flag": 1,
    "change_message": "[{\"added\": {}}]"
  }
},
{
  "model": "admin.logentry",
  "pk": 4,
  "fields": {
    "action_time": "2021-10-18T10:10:41.356",
    "user": [
      "funeral"
    ],
    "content_type": [
      "auth",
      "user"
    ],
    "object_id": "2",
    "object_repr": "TestUser",
    "action_flag": 1,
    "change_message": "[{\"added\": {}}]"
  }
},
{
  "model": "admin.logentry",
  "pk": 5,
  "fields": {
    "action_time": "2021-10-18T10:11:02.963",
    "user": [
      "funeral"
    ],
    "content_type": [
      "license_key_shop",
      "userextended"
    ],
    "object_id": "2",
    "object_repr": "Partner",
    "action_flag": 1,
    "change_message": "[{\"added\": {}}]"
  }
},
{
  "model": "admin.logentry",
  "pk": 6,
  "fields": {
    "action_time": "2021-10-18T10:12:31.056",
    "user": [
      "funeral"
    ],
    "content_type": [
      "license_key_shop",
      "userproduct"
    ],
    "object_id": "2",
    "object_repr": "UserProduct object (2)",
    "action_flag": 1,
    "change_message": "[{\"added\": {}}]"
  }
},
{
  "model": "admin.logentry",
  "pk": 7,
  "fields": {
    "action_time": "2021-10-18T11:17:01.825",
    "user": [
      "funeral"
    ],
    "content_type": [
      "license_key_shop",
      "key"
    ],
    "object_id": "1",
    "object_repr": "Key object (1)",
    "action_flag": 1,
    "change_message": "[{\"added\": {}}]"
  }
},
{
  "model": "admin.logentry",
  "pk": 8,
  "fields": {
    "action_time": "2021-10-18T11:17:13.016",
    "user": [
      "funeral"
    ],
    "content_type": [
      "license_key_shop",
      "userproduct"
    ],
    "object_id": "1",
    "object_repr": "UserProduct object (1)",
    "action_flag": 2,
    "change_message": "[{\"changed\": {\"fields\": [\"Key quantity\"]}}]"
  }
},
{
  "model": "admin.logentry",
  "pk": 9,
  "fields": {
    "action_time": "2021-10-18T11:17:20.496",
    "user": [
      "funeral"
    ],
    "content_type": [
      "license_key_shop",
      "userproduct"
    ],
    "object_id": "2",
    "object_repr": "UserProduct object (2)",
    "action_flag": 2,
    "change_message": "[{\"changed\": {\"fields\": [\"Key quantity\"]}}]"
  }
},
{
  "model": "admin.logentry",
  "pk": 10,
  "fields": {
    "action_time": "2021-10-18T12:30:01.570",
    "user": [
      "funeral"
    ],
    "content_type": [
      "license_key_shop",
      "product"
    ],
    "object_id": "1",
    "object_repr": "Bitdefender",
    "action_flag": 2,
    "change_message": "[{\"added\": {\"name\": \"key\", \"object\": \"fgodsfdofddf\"}}]"
  }
},
{
  "model": "admin.logentry",
  "pk": 11,
  "fields": {
    "action_time": "2021-10-18T12:46:38.865",
    "user": [
      "funeral"
    ],
    "content_type": [
      "auth",
      "group"
    ],
    "object_id": "1",
    "object_repr": "Owner",
    "action_flag": 1,
    "change_message": "[{\"added\": {}}]"
  }
},
{
  "model": "admin.logentry",
  "pk": 12,
  "fields": {
    "action_time": "2021-10-18T12:54:54.436",
    "user": [
      "funeral"
    ],
    "content_type": [
      "auth",
      "group"
    ],
    "object_id": "2",
    "object_repr": "Partner",
    "action_flag": 1,
    "change_message": "[{\"added\": {}}]"
  }
},
{
  "model": "admin.logentry",
  "pk": 13,
  "fields": {
    "action_time": "2021-10-18T13:15:40.399",
    "user": [
      "funeral"
    ],
    "content_type": [
      "auth",
      "group"
    ],
    "object_id": "3",
    "object_repr": "Store",
    "action_flag": 1,
    "change_message": "[{\"added\": {}}]"
  }
},
{
  "model": "admin.logentry",
  "pk": 14,
  "fields": {
    "action_time": "2021-10-18T13:15:49.814",
    "user": [
      "funeral"
    ],
    "content_type": [
      "auth",
      "group"
    ],
    "object_id": "4",
    "object_repr": "Seller",
    "action_flag": 1,
    "change_message": "[{\"added\": {}}]"
  }
},
{
  "model": "admin.logentry",
  "pk": 15,
  "fields": {
    "action_time": "2021-10-18T13:29:27.452",
    "user": [
      "funeral"
    ],
    "content_type": [
      "auth",
      "group"
    ],
    "object_id": "4",
    "object_repr": "Seller",
    "action_flag": 2,
    "change_message": "[]"
  }
},
{
  "model": "admin.logentry",
  "pk": 16,
  "fields": {
    "action_time": "2021-10-18T13:31:20.000",
    "user": [
      "funeral"
    ],
    "content_type": [
      "auth",
      "group"
    ],
    "object_id": "4",
    "object_repr": "Seller",
    "action_flag": 2,
    "change_message": "[{\"changed\": {\"fields\": [\"Permissions\"]}}]"
  }
},
{
  "model": "admin.logentry",
  "pk": 17,
  "fields": {
    "action_time": "2021-10-18T13:34:14.947",
    "user": [
      "funeral"
    ],
    "content_type": [
      "auth",
      "group"
    ],
    "object_id": "4",
    "object_repr": "Seller",
    "action_flag": 2,
    "change_message": "[]"
  }
},
{
  "model": "admin.logentry",
  "pk": 18,
  "fields": {
    "action_time": "2021-10-18T13:37:12.228",
    "user": [
      "funeral"
    ],
    "content_type": [
      "auth",
      "group"
    ],
    "object_id": "4",
    "object_repr": "Seller",
    "action_flag": 2,
    "change_message": "[]"
  }
},
{
  "model": "admin.logentry",
  "pk": 19,
  "fields": {
    "action_time": "2021-10-18T13:38:19.297",
    "user": [
      "funeral"
    ],
    "content_type": [
      "auth",
      "group"
    ],
    "object_id": "4",
    "object_repr": "Seller",
    "action_flag": 2,
    "change_message": "[{\"changed\": {\"fields\": [\"Permissions\"]}}]"
  }
},
{
  "model": "admin.logentry",
  "pk": 20,
  "fields": {
    "action_time": "2021-10-18T13:39:00.066",
    "user": [
      "funeral"
    ],
    "content_type": [
      "auth",
      "group"
    ],
    "object_id": "4",
    "object_repr": "Seller",
    "action_flag": 2,
    "change_message": "[]"
  }
},
{
  "model": "admin.logentry",
  "pk": 21,
  "fields": {
    "action_time": "2021-10-18T13:41:25.486",
    "user": [
      "funeral"
    ],
    "content_type": [
      "auth",
      "permission"
    ],
    "object_id": "41",
    "object_repr": "license_key_shop | user product | Add Partner",
    "action_flag": 1,
    "change_message": "[{\"added\": {}}]"
  }
},
{
  "model": "admin.logentry",
  "pk": 22,
  "fields": {
    "action_time": "2021-10-18T13:42:02.060",
    "user": [
      "funeral"
    ],
    "content_type": [
      "auth",
      "permission"
    ],
    "object_id": "42",
    "object_repr": "license_key_shop | user product | add_store",
    "action_flag": 1,
    "change_message": "[{\"added\": {}}]"
  }
},
{
  "model": "admin.logentry",
  "pk": 23,
  "fields": {
    "action_time": "2021-10-18T13:42:40.469",
    "user": [
      "funeral"
    ],
    "content_type": [
      "auth",
      "permission"
    ],
    "object_id": "43",
    "object_repr": "license_key_shop | user extended | Add Seller",
    "action_flag": 1,
    "change_message": "[{\"added\": {}}]"
  }
},
{
  "model": "admin.logentry",
  "pk": 24,
  "fields": {
    "action_time": "2021-10-18T13:42:59.834",
    "user": [
      "funeral"
    ],
    "content_type": [
      "auth",
      "group"
    ],
    "object_id": "1",
    "object_repr": "Owner",
    "action_flag": 2,
    "change_message": "[{\"changed\": {\"fields\": [\"Permissions\"]}}]"
  }
},
{
  "model": "admin.logentry",
  "pk": 25,
  "fields": {
    "action_time": "2021-10-18T13:43:29.199",
    "user": [
      "funeral"
    ],
    "content_type": [
      "auth",
      "permission"
    ],
    "object_id": "42",
    "object_repr": "license_key_shop | user product | Add Store",
    "action_flag": 2,
    "change_message": "[{\"changed\": {\"fields\": [\"Name\"]}}]"
  }
},
{
  "model": "admin.logentry",
  "pk": 26,
  "fields": {
    "action_time": "2021-10-18T13:44:33.423",
    "user": [
      "funeral"
    ],
    "content_type": [
      "auth",
      "group"
    ],
    "object_id": "3",
    "object_repr": "Store",
    "action_flag": 2,
    "change_message": "[{\"changed\": {\"fields\": [\"Permissions\"]}}]"
  }
},
{
  "model": "admin.logentry",
  "pk": 27,
  "fields": {
    "action_time": "2021-10-18T13:45:31.540",
    "user": [
      "funeral"
    ],
    "content_type": [
      "auth",
      "group"
    ],
    "object_id": "2",
    "object_repr": "Partner",
    "action_flag": 2,
    "change_message": "[]"
  }
},
{
  "model": "admin.logentry",
  "pk": 28,
  "fields": {
    "action_time": "2021-10-18T13:48:41.006",
    "user": [
      "funeral"
    ],
    "content_type": [
      "auth",
      "group"
    ],
    "object_id": "4",
    "object_repr": "Seller",
    "action_flag": 2,
    "change_message": "[]"
  }
},
{
  "model": "admin.logentry",
  "pk": 29,
  "fields": {
    "action_time": "2021-10-18T13:52:17.570",
    "user": [
      "funeral"
    ],
    "content_type": [
      "auth",
      "user"
    ],
    "object_id": "3",
    "object_repr": "DjangoUser",
    "action_flag": 1,
    "change_message": "[{\"added\": {}}]"
  }
},
{
  "model": "admin.logentry",
  "pk": 30,
  "fields": {
    "action_time": "2021-10-18T13:52:35.076",
    "user": [
      "funeral"
    ],
    "content_type": [
      "auth",
      "user"
    ],
    "object_id": "3",
    "object_repr": "DjangoUser",
    "action_flag": 2,
    "change_message": "[{\"changed\": {\"fields\": [\"Groups\"]}}]"
  }
},
{
  "model": "admin.logentry",
  "pk": 31,
  "fields": {
    "action_time": "2021-10-19T06:34:50.320",
    "user": [
      "funeral"
    ],
    "content_type": [
      "auth",
      "permission"
    ],
    "object_id": "44",
    "object_repr": "contenttypes | content type | Can view add partner button",
    "action_flag": 1,
    "change_message": "[{\"added\": {}}]"
  }
},
{
  "model": "admin.logentry",
  "pk": 32,
  "fields": {
    "action_time": "2021-10-19T06:35:28.813",
    "user": [
      "funeral"
    ],
    "content_type": [
      "auth",
      "permission"
    ],
    "object_id": "45",
    "object_repr": "contenttypes | content type | Can view add store button",
    "action_flag": 1,
    "change_message": "[{\"added\": {}}]"
  }
},
{
  "model": "admin.logentry",
  "pk": 33,
  "fields": {
    "action_time": "2021-10-19T06:36:20.102",
    "user": [
      "funeral"
    ],
    "content_type": [
      "auth",
      "permission"
    ],
    "object_id": "46",
    "object_repr": "contenttypes | content type | Can view add seller button",
    "action_flag": 1,
    "change_message": "[{\"added\": {}}]"
  }
},
{
  "model": "admin.logentry",
  "pk": 34,
  "fields": {
    "action_time": "2021-10-19T06:37:23.815",
    "user": [
      "funeral"
    ],
    "content_type": [
      "auth",
      "group"
    ],
    "object_id": "3",
    "object_repr": "Store",
    "action_flag": 2,
    "change_message": "[{\"changed\": {\"fields\": [\"Permissions\"]}}]"
  }
},
{
  "model": "admin.logentry",
  "pk": 35,
  "fields": {
    "action_time": "2021-10-19T06:37:37.166",
    "user": [
      "funeral"
    ],
    "content_type": [
      "auth",
      "group"
    ],
    "object_id": "2",
    "object_repr": "Partner",
    "action_flag": 2,
    "change_message": "[]"
  }
},
{
  "model": "admin.logentry",
  "pk": 36,
  "fields": {
    "action_time": "2021-10-19T06:37:46.303",
    "user": [
      "funeral"
    ],
    "content_type": [
      "auth",
      "group"
    ],
    "object_id": "1",
    "object_repr": "Owner",
    "action_flag": 2,
    "change_message": "[{\"changed\": {\"fields\": [\"Permissions\"]}}]"
  }
},
{
  "model": "admin.logentry",
  "pk": 37,
  "fields": {
    "action_time": "2021-10-19T07:24:05.627",
    "user": [
      "funeral"
    ],
    "content_type": [
      "license_key_shop",
      "userextended"
    ],
    "object_id": "2",
    "object_repr": "TestUser",
    "action_flag": 2,
    "change_message": "[{\"changed\": {\"fields\": [\"Parent\"]}}]"
  }
},
{
  "model": "admin.logentry",
  "pk": 38,
  "fields": {
    "action_time": "2021-10-19T08:05:13.959",
    "user": [
      "funeral"
    ],
    "content_type": [
      "license_key_shop",
      "userextended"
    ],
    "object_id": "2",
    "object_repr": "TestUser",
    "action_flag": 2,
    "change_message": "[{\"added\": {\"name\": \"user product\", \"object\": \"UserProduct object (3)\"}}]"
  }
},
{
  "model": "admin.logentry",
  "pk": 39,
  "fields": {
    "action_time": "2021-10-19T08:07:53.802",
    "user": [
      "funeral"
    ],
    "content_type": [
      "license_key_shop",
      "product"
    ],
    "object_id": "3",
    "object_repr": "Ad blocker",
    "action_flag": 1,
    "change_message": "[{\"added\": {}}]"
  }
},
{
  "model": "admin.logentry",
  "pk": 40,
  "fields": {
    "action_time": "2021-10-19T09:31:15.150",
    "user": [
      "funeral"
    ],
    "content_type": [
      "license_key_shop",
      "solddatelist"
    ],
    "object_id": "7",
    "object_repr": "SoldDateList object (7)",
    "action_flag": 1,
    "change_message": "[{\"added\": {}}]"
  }
},
{
  "model": "admin.logentry",
  "pk": 41,
  "fields": {
    "action_time": "2021-10-19T10:17:22.046",
    "user": [
      "funeral"
    ],
    "content_type": [
      "license_key_shop",
      "solddatelist"
    ],
    "object_id": "8",
    "object_repr": "SoldDateList object (8)",
    "action_flag": 1,
    "change_message": "[{\"added\": {}}]"
  }
},
{
  "model": "admin.logentry",
  "pk": 42,
  "fields": {
    "action_time": "2021-10-19T12:25:44.971",
    "user": [
      "funeral"
    ],
    "content_type": [
      "license_key_shop",
      "solddatelist"
    ],
    "object_id": "7",
    "object_repr": "SoldDateList object (7)",
    "action_flag": 3,
    "change_message": ""
  }
},
{
  "model": "admin.logentry",
  "pk": 43,
  "fields": {
    "action_time": "2021-10-19T12:26:18.035",
    "user": [
      "funeral"
    ],
    "content_type": [
      "license_key_shop",
      "solddatelist"
    ],
    "object_id": "9",
    "object_repr": "SoldDateList object (9)",
    "action_flag": 1,
    "change_message": "[{\"added\": {}}]"
  }
},
{
  "model": "admin.logentry",
  "pk": 44,
  "fields": {
    "action_time": "2021-10-19T13:30:42.820",
    "user": [
      "funeral"
    ],
    "content_type": [
      "auth",
      "user"
    ],
    "object_id": "4",
    "object_repr": "VavyaPartner",
    "action_flag": 1,
    "change_message": "[{\"added\": {}}]"
  }
},
{
  "model": "admin.logentry",
  "pk": 45,
  "fields": {
    "action_time": "2021-10-19T13:31:16.951",
    "user": [
      "funeral"
    ],
    "content_type": [
      "license_key_shop",
      "userextended"
    ],
    "object_id": "3",
    "object_repr": "VavyaPartner",
    "action_flag": 1,
    "change_message": "[{\"added\": {}}, {\"added\": {\"name\": \"user product\", \"object\": \"UserProduct object (4)\"}}]"
  }
},
{
  "model": "admin.logentry",
  "pk": 46,
  "fields": {
    "action_time": "2021-10-19T13:32:05.789",
    "user": [
      "funeral"
    ],
    "content_type": [
      "license_key_shop",
      "userextended"
    ],
    "object_id": "3",
    "object_repr": "VavyaPartner",
    "action_flag": 2,
    "change_message": "[{\"changed\": {\"fields\": [\"Parent\"]}}]"
  }
},
{
  "model": "admin.logentry",
  "pk": 47,
  "fields": {
    "action_time": "2021-10-19T13:44:47.514",
    "user": [
      "funeral"
    ],
    "content_type": [
      "license_key_shop",
      "userextended"
    ],
    "object_id": "1",
    "object_repr": "funeral",
    "action_flag": 2,
    "change_message": "[{\"changed\": {\"fields\": [\"Key limit\"]}}]"
  }
},
{
  "model": "admin.logentry",
  "pk": 48,
  "fields": {
    "action_time": "2021-10-19T13:52:25.951",
    "user": [
      "funeral"
    ],
    "content_type": [
      "auth",
      "user"
    ],
    "object_id": "1",
    "object_repr": "funeral",
    "action_flag": 2,
    "change_message": "[{\"changed\": {\"fields\": [\"Groups\"]}}]"
  }
},
{
  "model": "admin.logentry",
  "pk": 49,
  "fields": {
    "action_time": "2021-10-19T13:52:34.899",
    "user": [
      "funeral"
    ],
    "content_type": [
      "auth",
      "user"
    ],
    "object_id": "4",
    "object_repr": "VavyaPartner",
    "action_flag": 2,
    "change_message": "[{\"changed\": {\"fields\": [\"Groups\"]}}]"
  }
},
{
  "model": "admin.logentry",
  "pk": 50,
  "fields": {
    "action_time": "2021-10-19T13:52:39.479",
    "user": [
      "funeral"
    ],
    "content_type": [
      "auth",
      "user"
    ],
    "object_id": "3",
    "object_repr": "DjangoUser",
    "action_flag": 2,
    "change_message": "[]"
  }
},
{
  "model": "admin.logentry",
  "pk": 51,
  "fields": {
    "action_time": "2021-10-19T13:52:45.457",
    "user": [
      "funeral"
    ],
    "content_type": [
      "auth",
      "user"
    ],
    "object_id": "2",
    "object_repr": "TestUser",
    "action_flag": 2,
    "change_message": "[{\"changed\": {\"fields\": [\"Groups\"]}}]"
  }
},
{
  "model": "admin.logentry",
  "pk": 52,
  "fields": {
    "action_time": "2021-10-19T13:52:56.546",
    "user": [
      "funeral"
    ],
    "content_type": [
      "license_key_shop",
      "solddatelist"
    ],
    "object_id": "8",
    "object_repr": "SoldDateList object (8)",
    "action_flag": 2,
    "change_message": "[{\"changed\": {\"fields\": [\"Created by\"]}}]"
  }
},
{
  "model": "admin.logentry",
  "pk": 53,
  "fields": {
    "action_time": "2021-10-19T13:53:38.766",
    "user": [
      "funeral"
    ],
    "content_type": [
      "auth",
      "user"
    ],
    "object_id": "3",
    "object_repr": "DjangoUser",
    "action_flag": 3,
    "change_message": ""
  }
},
{
  "model": "admin.logentry",
  "pk": 54,
  "fields": {
    "action_time": "2021-10-19T13:54:21.041",
    "user": [
      "funeral"
    ],
    "content_type": [
      "auth",
      "user"
    ],
    "object_id": "5",
    "object_repr": "SellerUser",
    "action_flag": 1,
    "change_message": "[{\"added\": {}}]"
  }
},
{
  "model": "admin.logentry",
  "pk": 55,
  "fields": {
    "action_time": "2021-10-19T13:55:15.084",
    "user": [
      "funeral"
    ],
    "content_type": [
      "license_key_shop",
      "userextended"
    ],
    "object_id": "4",
    "object_repr": "SellerUser",
    "action_flag": 1,
    "change_message": "[{\"added\": {}}, {\"added\": {\"name\": \"user product\", \"object\": \"UserProduct object (5)\"}}, {\"added\": {\"name\": \"user product\", \"object\": \"UserProduct object (6)\"}}]"
  }
},
{
  "model": "admin.logentry",
  "pk": 56,
  "fields": {
    "action_time": "2021-10-19T13:58:53.848",
    "user": [
      "funeral"
    ],
    "content_type": [
      "license_key_shop",
      "userextended"
    ],
    "object_id": "4",
    "object_repr": "SellerUser",
    "action_flag": 2,
    "change_message": "[{\"changed\": {\"fields\": [\"Parent\"]}}]"
  }
},
{
  "model": "admin.logentry",
  "pk": 57,
  "fields": {
    "action_time": "2021-10-19T13:59:07.419",
    "user": [
      "funeral"
    ],
    "content_type": [
      "license_key_shop",
      "userextended"
    ],
    "object_id": "2",
    "object_repr": "TestUser",
    "action_flag": 2,
    "change_message": "[{\"changed\": {\"fields\": [\"Parent\", \"User status\"]}}]"
  }
},
{
  "model": "admin.logentry",
  "pk": 58,
  "fields": {
    "action_time": "2021-10-19T13:59:14.008",
    "user": [
      "funeral"
    ],
    "content_type": [
      "license_key_shop",
      "userextended"
    ],
    "object_id": "3",
    "object_repr": "VavyaPartner",
    "action_flag": 2,
    "change_message": "[]"
  }
},
{
  "model": "admin.logentry",
  "pk": 59,
  "fields": {
    "action_time": "2021-10-19T14:22:52.703",
    "user": [
      "funeral"
    ],
    "content_type": [
      "license_key_shop",
      "solddatelist"
    ],
    "object_id": "9",
    "object_repr": "SoldDateList object (9)",
    "action_flag": 2,
    "change_message": "[{\"changed\": {\"fields\": [\"Created by\"]}}]"
  }
},
{
  "model": "admin.logentry",
  "pk": 60,
  "fields": {
    "action_time": "2021-10-19T15:24:32.268",
    "user": [
      "funeral"
    ],
    "content_type": [
      "license_key_shop",
      "userextended"
    ],
    "object_id": "3",
    "object_repr": "VavyaPartner",
    "action_flag": 2,
    "change_message": "[{\"added\": {\"name\": \"user product\", \"object\": \"UserProduct object (7)\"}}]"
  }
},
{
  "model": "admin.logentry",
  "pk": 61,
  "fields": {
    "action_time": "2021-10-19T15:25:18.357",
    "user": [
      "funeral"
    ],
    "content_type": [
      "license_key_shop",
      "product"
    ],
    "object_id": "1",
    "object_repr": "Bitdefender",
    "action_flag": 2,
    "change_message": "[{\"added\": {\"name\": \"key\", \"object\": \"\"}}]"
  }
},
{
  "model": "admin.logentry",
  "pk": 62,
  "fields": {
    "action_time": "2021-10-19T15:39:11.052",
    "user": [
      "funeral"
    ],
    "content_type": [
      "license_key_shop",
      "userextended"
    ],
    "object_id": "4",
    "object_repr": "SellerUser",
    "action_flag": 2,
    "change_message": "[]"
  }
},
{
  "model": "admin.logentry",
  "pk": 63,
  "fields": {
    "action_time": "2021-10-19T15:41:54.073",
    "user": [
      "funeral"
    ],
    "content_type": [
      "auth",
      "user"
    ],
    "object_id": "6",
    "object_repr": "AlinasMagazine",
    "action_flag": 1,
    "change_message": "[{\"added\": {}}]"
  }
},
{
  "model": "admin.logentry",
  "pk": 64,
  "fields": {
    "action_time": "2021-10-19T15:44:22.196",
    "user": [
      "funeral"
    ],
    "content_type": [
      "license_key_shop",
      "userextended"
    ],
    "object_id": "5",
    "object_repr": "AlinasMagazine",
    "action_flag": 1,
    "change_message": "[{\"added\": {}}, {\"added\": {\"name\": \"user product\", \"object\": \"UserProduct object (8)\"}}]"
  }
},
{
  "model": "admin.logentry",
  "pk": 65,
  "fields": {
    "action_time": "2021-10-19T15:47:45.374",
    "user": [
      "funeral"
    ],
    "content_type": [
      "auth",
      "user"
    ],
    "object_id": "6",
    "object_repr": "AlinasMagazine",
    "action_flag": 2,
    "change_message": "[{\"changed\": {\"fields\": [\"Groups\"]}}]"
  }
},
{
  "model": "admin.logentry",
  "pk": 66,
  "fields": {
    "action_time": "2021-10-20T06:41:18.854",
    "user": [
      "funeral"
    ],
    "content_type": [
      "license_key_shop",
      "solddatelist"
    ],
    "object_id": "8",
    "object_repr": "SoldDateList object (8)",
    "action_flag": 2,
    "change_message": "[{\"changed\": {\"fields\": [\"Created by\"]}}]"
  }
},
{
  "model": "admin.logentry",
  "pk": 67,
  "fields": {
    "action_time": "2021-10-20T06:41:24.567",
    "user": [
      "funeral"
    ],
    "content_type": [
      "license_key_shop",
      "solddatelist"
    ],
    "object_id": "9",
    "object_repr": "SoldDateList object (9)",
    "action_flag": 2,
    "change_message": "[{\"changed\": {\"fields\": [\"Created by\"]}}]"
  }
},
{
  "model": "admin.logentry",
  "pk": 68,
  "fields": {
    "action_time": "2021-10-20T06:44:59.288",
    "user": [
      "funeral"
    ],
    "content_type": [
      "license_key_shop",
      "solddatelist"
    ],
    "object_id": "9",
    "object_repr": "SoldDateList object (9)",
    "action_flag": 2,
    "change_message": "[]"
  }
},
{
  "model": "admin.logentry",
  "pk": 69,
  "fields": {
    "action_time": "2021-10-20T06:46:08.344",
    "user": [
      "funeral"
    ],
    "content_type": [
      "license_key_shop",
      "product"
    ],
    "object_id": "1",
    "object_repr": "Bitdefender",
    "action_flag": 2,
    "change_message": "[{\"added\": {\"name\": \"key\", \"object\": \"\"}}]"
  }
},
{
  "model": "admin.logentry",
  "pk": 70,
  "fields": {
    "action_time": "2021-10-20T06:49:32.536",
    "user": [
      "funeral"
    ],
    "content_type": [
      "license_key_shop",
      "userextended"
    ],
    "object_id": "2",
    "object_repr": "TestUser",
    "action_flag": 2,
    "change_message": "[{\"changed\": {\"name\": \"user product\", \"object\": \"UserProduct object (3)\", \"fields\": [\"Product\"]}}]"
  }
},
{
  "model": "admin.logentry",
  "pk": 71,
  "fields": {
    "action_time": "2021-10-20T06:50:28.049",
    "user": [
      "funeral"
    ],
    "content_type": [
      "license_key_shop",
      "solddatelist"
    ],
    "object_id": "9",
    "object_repr": "SoldDateList object (9)",
    "action_flag": 2,
    "change_message": "[]"
  }
},
{
  "model": "admin.logentry",
  "pk": 72,
  "fields": {
    "action_time": "2021-10-20T06:51:43.035",
    "user": [
      "funeral"
    ],
    "content_type": [
      "license_key_shop",
      "solddatelist"
    ],
    "object_id": "8",
    "object_repr": "SoldDateList object (8)",
    "action_flag": 2,
    "change_message": "[{\"changed\": {\"fields\": [\"Created by\"]}}]"
  }
},
{
  "model": "admin.logentry",
  "pk": 73,
  "fields": {
    "action_time": "2021-10-20T06:55:55.485",
    "user": [
      "funeral"
    ],
    "content_type": [
      "license_key_shop",
      "solddatelist"
    ],
    "object_id": "8",
    "object_repr": "SoldDateList object (8)",
    "action_flag": 2,
    "change_message": "[{\"changed\": {\"fields\": [\"Created by\"]}}]"
  }
},
{
  "model": "admin.logentry",
  "pk": 74,
  "fields": {
    "action_time": "2021-10-20T06:56:04.138",
    "user": [
      "funeral"
    ],
    "content_type": [
      "license_key_shop",
      "solddatelist"
    ],
    "object_id": "8",
    "object_repr": "SoldDateList object (8)",
    "action_flag": 2,
    "change_message": "[{\"changed\": {\"fields\": [\"Created by\"]}}]"
  }
},
{
  "model": "admin.logentry",
  "pk": 75,
  "fields": {
    "action_time": "2021-10-20T06:57:08.152",
    "user": [
      "funeral"
    ],
    "content_type": [
      "auth",
      "user"
    ],
    "object_id": "7",
    "object_repr": "Seller2",
    "action_flag": 1,
    "change_message": "[{\"added\": {}}]"
  }
},
{
  "model": "admin.logentry",
  "pk": 76,
  "fields": {
    "action_time": "2021-10-20T06:57:35.899",
    "user": [
      "funeral"
    ],
    "content_type": [
      "license_key_shop",
      "userextended"
    ],
    "object_id": "6",
    "object_repr": "Seller2",
    "action_flag": 1,
    "change_message": "[{\"added\": {}}, {\"added\": {\"name\": \"user product\", \"object\": \"UserProduct object (9)\"}}]"
  }
},
{
  "model": "admin.logentry",
  "pk": 77,
  "fields": {
    "action_time": "2021-10-20T06:58:33.264",
    "user": [
      "funeral"
    ],
    "content_type": [
      "license_key_shop",
      "product"
    ],
    "object_id": "3",
    "object_repr": "Ad blocker",
    "action_flag": 2,
    "change_message": "[{\"added\": {\"name\": \"key\", \"object\": \"bruhbruhbruhbruhbruhbruh\"}}]"
  }
},
{
  "model": "admin.logentry",
  "pk": 78,
  "fields": {
    "action_time": "2021-10-20T06:59:09.927",
    "user": [
      "funeral"
    ],
    "content_type": [
      "license_key_shop",
      "solddatelist"
    ],
    "object_id": "10",
    "object_repr": "SoldDateList object (10)",
    "action_flag": 1,
    "change_message": "[{\"added\": {}}]"
  }
},
{
  "model": "admin.logentry",
  "pk": 79,
  "fields": {
    "action_time": "2021-10-20T07:50:01.044",
    "user": [
      "funeral"
    ],
    "content_type": [
      "license_key_shop",
      "userextended"
    ],
    "object_id": "4",
    "object_repr": "SellerUser",
    "action_flag": 2,
    "change_message": "[{\"changed\": {\"fields\": [\"Parent\"]}}]"
  }
},
{
  "model": "admin.logentry",
  "pk": 80,
  "fields": {
    "action_time": "2021-10-20T07:55:13.151",
    "user": [
      "funeral"
    ],
    "content_type": [
      "license_key_shop",
      "userextended"
    ],
    "object_id": "4",
    "object_repr": "SellerUser",
    "action_flag": 2,
    "change_message": "[{\"changed\": {\"fields\": [\"Parent\"]}}]"
  }
},
{
  "model": "admin.logentry",
  "pk": 81,
  "fields": {
    "action_time": "2021-10-20T10:52:44.444",
    "user": [
      "funeral"
    ],
    "content_type": [
      "license_key_shop",
      "solddatelist"
    ],
    "object_id": "10",
    "object_repr": "Seller2",
    "action_flag": 2,
    "change_message": "[]"
  }
},
{
  "model": "admin.logentry",
  "pk": 82,
  "fields": {
    "action_time": "2021-10-20T10:53:30.254",
    "user": [
      "funeral"
    ],
    "content_type": [
      "license_key_shop",
      "product"
    ],
    "object_id": "1",
    "object_repr": "Bitdefender",
    "action_flag": 2,
    "change_message": "[{\"changed\": {\"name\": \"key\", \"object\": \"\", \"fields\": [\"Key\", \"Active\"]}}]"
  }
},
{
  "model": "admin.logentry",
  "pk": 83,
  "fields": {
    "action_time": "2021-10-20T10:54:24.665",
    "user": [
      "funeral"
    ],
    "content_type": [
      "license_key_shop",
      "solddatelist"
    ],
    "object_id": "11",
    "object_repr": "SellerUser",
    "action_flag": 1,
    "change_message": "[{\"added\": {}}]"
  }
},
{
  "model": "admin.logentry",
  "pk": 84,
  "fields": {
    "action_time": "2021-10-20T13:11:13.627",
    "user": [
      "funeral"
    ],
    "content_type": [
      "auth",
      "user"
    ],
    "object_id": "7",
    "object_repr": "Seller2",
    "action_flag": 2,
    "change_message": "[{\"changed\": {\"fields\": [\"Groups\"]}}]"
  }
},
{
  "model": "admin.logentry",
  "pk": 85,
  "fields": {
    "action_time": "2021-10-20T13:12:00.437",
    "user": [
      "funeral"
    ],
    "content_type": [
      "auth",
      "user"
    ],
    "object_id": "5",
    "object_repr": "SellerUser",
    "action_flag": 2,
    "change_message": "[{\"changed\": {\"fields\": [\"Groups\"]}}]"
  }
},
{
  "model": "admin.logentry",
  "pk": 86,
  "fields": {
    "action_time": "2021-10-20T15:00:21.031",
    "user": [
      "funeral"
    ],
    "content_type": [
      "auth",
      "user"
    ],
    "object_id": "8",
    "object_repr": "VyaceslaPartner",
    "action_flag": 1,
    "change_message": "[{\"added\": {}}]"
  }
},
{
  "model": "admin.logentry",
  "pk": 87,
  "fields": {
    "action_time": "2021-10-20T15:01:00.915",
    "user": [
      "funeral"
    ],
    "content_type": [
      "license_key_shop",
      "userextended"
    ],
    "object_id": "7",
    "object_repr": "VyaceslaPartner",
    "action_flag": 1,
    "change_message": "[{\"added\": {}}, {\"added\": {\"name\": \"user product\", \"object\": \"UserProduct object (10)\"}}, {\"added\": {\"name\": \"user product\", \"object\": \"UserProduct object (11)\"}}]"
  }
},
{
  "model": "admin.logentry",
  "pk": 88,
  "fields": {
    "action_time": "2021-10-20T15:01:25.333",
    "user": [
      "funeral"
    ],
    "content_type": [
      "auth",
      "user"
    ],
    "object_id": "8",
    "object_repr": "VyaceslaPartner",
    "action_flag": 2,
    "change_message": "[{\"changed\": {\"fields\": [\"Groups\"]}}]"
  }
},
{
  "model": "admin.logentry",
  "pk": 89,
  "fields": {
    "action_time": "2021-10-21T08:15:23.560",
    "user": [
      "funeral"
    ],
    "content_type": [
      "license_key_shop",
      "solddatelist"
    ],
    "object_id": "10",
    "object_repr": "Seller2",
    "action_flag": 2,
    "change_message": "[{\"changed\": {\"fields\": [\"Created date\"]}}]"
  }
},
{
  "model": "admin.logentry",
  "pk": 90,
  "fields": {
    "action_time": "2021-10-21T08:40:55.470",
    "user": [
      "funeral"
    ],
    "content_type": [
      "auth",
      "user"
    ],
    "object_id": "5",
    "object_repr": "SellerUser",
    "action_flag": 2,
    "change_message": "[{\"changed\": {\"fields\": [\"Staff status\"]}}]"
  }
},
{
  "model": "admin.logentry",
  "pk": 91,
  "fields": {
    "action_time": "2021-10-22T08:03:39.227",
    "user": [
      "funeral"
    ],
    "content_type": [
      "auth",
      "user"
    ],
    "object_id": "9",
    "object_repr": "PostmanUser",
    "action_flag": 3,
    "change_message": ""
  }
},
{
  "model": "admin.logentry",
  "pk": 92,
  "fields": {
    "action_time": "2021-10-22T08:03:39.294",
    "user": [
      "funeral"
    ],
    "content_type": [
      "auth",
      "user"
    ],
    "object_id": "10",
    "object_repr": "PostmanUser1",
    "action_flag": 3,
    "change_message": ""
  }
},
{
  "model": "admin.logentry",
  "pk": 93,
  "fields": {
    "action_time": "2021-10-22T08:03:39.302",
    "user": [
      "funeral"
    ],
    "content_type": [
      "auth",
      "user"
    ],
    "object_id": "18",
    "object_repr": "PostmanUser177",
    "action_flag": 3,
    "change_message": ""
  }
},
{
  "model": "admin.logentry",
  "pk": 94,
  "fields": {
    "action_time": "2021-10-22T08:03:39.311",
    "user": [
      "funeral"
    ],
    "content_type": [
      "auth",
      "user"
    ],
    "object_id": "19",
    "object_repr": "PostmanUser178",
    "action_flag": 3,
    "change_message": ""
  }
},
{
  "model": "admin.logentry",
  "pk": 95,
  "fields": {
    "action_time": "2021-10-22T08:03:39.319",
    "user": [
      "funeral"
    ],
    "content_type": [
      "auth",
      "user"
    ],
    "object_id": "20",
    "object_repr": "PostmanUser179",
    "action_flag": 3,
    "change_message": ""
  }
},
{
  "model": "admin.logentry",
  "pk": 96,
  "fields": {
    "action_time": "2021-10-22T08:03:39.327",
    "user": [
      "funeral"
    ],
    "content_type": [
      "auth",
      "user"
    ],
    "object_id": "21",
    "object_repr": "PostmanUser199",
    "action_flag": 3,
    "change_message": ""
  }
},
{
  "model": "admin.logentry",
  "pk": 97,
  "fields": {
    "action_time": "2021-10-22T08:03:39.336",
    "user": [
      "funeral"
    ],
    "content_type": [
      "auth",
      "user"
    ],
    "object_id": "11",
    "object_repr": "PostmanUser2",
    "action_flag": 3,
    "change_message": ""
  }
},
{
  "model": "admin.logentry",
  "pk": 98,
  "fields": {
    "action_time": "2021-10-22T08:03:39.344",
    "user": [
      "funeral"
    ],
    "content_type": [
      "auth",
      "user"
    ],
    "object_id": "12",
    "object_repr": "PostmanUser3",
    "action_flag": 3,
    "change_message": ""
  }
},
{
  "model": "admin.logentry",
  "pk": 99,
  "fields": {
    "action_time": "2021-10-22T08:03:39.352",
    "user": [
      "funeral"
    ],
    "content_type": [
      "auth",
      "user"
    ],
    "object_id": "13",
    "object_repr": "PostmanUser4",
    "action_flag": 3,
    "change_message": ""
  }
},
{
  "model": "admin.logentry",
  "pk": 100,
  "fields": {
    "action_time": "2021-10-22T08:03:39.361",
    "user": [
      "funeral"
    ],
    "content_type": [
      "auth",
      "user"
    ],
    "object_id": "14",
    "object_repr": "PostmanUser6",
    "action_flag": 3,
    "change_message": ""
  }
},
{
  "model": "admin.logentry",
  "pk": 101,
  "fields": {
    "action_time": "2021-10-22T08:03:39.369",
    "user": [
      "funeral"
    ],
    "content_type": [
      "auth",
      "user"
    ],
    "object_id": "15",
    "object_repr": "PostmanUser7",
    "action_flag": 3,
    "change_message": ""
  }
},
{
  "model": "admin.logentry",
  "pk": 102,
  "fields": {
    "action_time": "2021-10-22T08:03:39.377",
    "user": [
      "funeral"
    ],
    "content_type": [
      "auth",
      "user"
    ],
    "object_id": "16",
    "object_repr": "PostmanUser8",
    "action_flag": 3,
    "change_message": ""
  }
},
{
  "model": "admin.logentry",
  "pk": 103,
  "fields": {
    "action_time": "2021-10-22T08:03:39.386",
    "user": [
      "funeral"
    ],
    "content_type": [
      "auth",
      "user"
    ],
    "object_id": "17",
    "object_repr": "PostmanUser9",
    "action_flag": 3,
    "change_message": ""
  }
},
{
  "model": "admin.logentry",
  "pk": 104,
  "fields": {
    "action_time": "2021-10-22T08:11:56.744",
    "user": [
      "funeral"
    ],
    "content_type": [
      "auth",
      "user"
    ],
    "object_id": "23",
    "object_repr": "PostmanPartner",
    "action_flag": 3,
    "change_message": ""
  }
},
{
  "model": "admin.logentry",
  "pk": 105,
  "fields": {
    "action_time": "2021-10-22T08:11:56.758",
    "user": [
      "funeral"
    ],
    "content_type": [
      "auth",
      "user"
    ],
    "object_id": "24",
    "object_repr": "PostmanPartner1",
    "action_flag": 3,
    "change_message": ""
  }
},
{
  "model": "admin.logentry",
  "pk": 106,
  "fields": {
    "action_time": "2021-10-22T08:11:56.766",
    "user": [
      "funeral"
    ],
    "content_type": [
      "auth",
      "user"
    ],
    "object_id": "25",
    "object_repr": "PostmanPartner2",
    "action_flag": 3,
    "change_message": ""
  }
},
{
  "model": "admin.logentry",
  "pk": 107,
  "fields": {
    "action_time": "2021-10-22T08:11:56.775",
    "user": [
      "funeral"
    ],
    "content_type": [
      "auth",
      "user"
    ],
    "object_id": "26",
    "object_repr": "PostmanPartner3",
    "action_flag": 3,
    "change_message": ""
  }
},
{
  "model": "admin.logentry",
  "pk": 108,
  "fields": {
    "action_time": "2021-10-22T08:11:56.783",
    "user": [
      "funeral"
    ],
    "content_type": [
      "auth",
      "user"
    ],
    "object_id": "27",
    "object_repr": "PostmanPartner4",
    "action_flag": 3,
    "change_message": ""
  }
},
{
  "model": "admin.logentry",
  "pk": 109,
  "fields": {
    "action_time": "2021-10-22T08:11:56.791",
    "user": [
      "funeral"
    ],
    "content_type": [
      "auth",
      "user"
    ],
    "object_id": "22",
    "object_repr": "PostmanUser199",
    "action_flag": 3,
    "change_message": ""
  }
},
{
  "model": "admin.logentry",
  "pk": 110,
  "fields": {
    "action_time": "2021-10-22T13:21:04.033",
    "user": [
      "funeral"
    ],
    "content_type": [
      "license_key_shop",
      "userextended"
    ],
    "object_id": "4",
    "object_repr": "SellerUser",
    "action_flag": 2,
    "change_message": "[{\"added\": {\"name\": \"user extended specification\", \"object\": \"2021-10-22\"}}]"
  }
},
{
  "model": "admin.logentry",
  "pk": 111,
  "fields": {
    "action_time": "2021-10-22T13:22:02.073",
    "user": [
      "funeral"
    ],
    "content_type": [
      "license_key_shop",
      "userextended"
    ],
    "object_id": "4",
    "object_repr": "SellerUser",
    "action_flag": 2,
    "change_message": "[]"
  }
},
{
  "model": "admin.logentry",
  "pk": 112,
  "fields": {
    "action_time": "2021-10-22T14:03:51.384",
    "user": [
      "funeral"
    ],
    "content_type": [
      "license_key_shop",
      "userextended"
    ],
    "object_id": "7",
    "object_repr": "VyaceslaPartner",
    "action_flag": 2,
    "change_message": "[{\"added\": {\"name\": \"user extended specification\", \"object\": \"2021-10-22\"}}]"
  }
},
{
  "model": "admin.logentry",
  "pk": 113,
  "fields": {
    "action_time": "2021-10-22T14:04:39.163",
    "user": [
      "funeral"
    ],
    "content_type": [
      "license_key_shop",
      "userextended"
    ],
    "object_id": "6",
    "object_repr": "Seller2",
    "action_flag": 2,
    "change_message": "[{\"added\": {\"name\": \"user extended specification\", \"object\": \"2021-10-22\"}}]"
  }
},
{
  "model": "admin.logentry",
  "pk": 114,
  "fields": {
    "action_time": "2021-10-22T14:05:14.193",
    "user": [
      "funeral"
    ],
    "content_type": [
      "license_key_shop",
      "userextended"
    ],
    "object_id": "1",
    "object_repr": "funeral",
    "action_flag": 2,
    "change_message": "[{\"added\": {\"name\": \"user extended specification\", \"object\": \"2021-10-22\"}}]"
  }
},
{
  "model": "admin.logentry",
  "pk": 115,
  "fields": {
    "action_time": "2021-10-22T14:31:11.826",
    "user": [
      "funeral"
    ],
    "content_type": [
      "license_key_shop",
      "userextended"
    ],
    "object_id": "5",
    "object_repr": "AlinasMagazine",
    "action_flag": 2,
    "change_message": "[{\"added\": {\"name\": \"user extended specification\", \"object\": \"2021-10-22\"}}]"
  }
},
{
  "model": "admin.logentry",
  "pk": 116,
  "fields": {
    "action_time": "2021-10-22T14:32:08.756",
    "user": [
      "funeral"
    ],
    "content_type": [
      "license_key_shop",
      "userextended"
    ],
    "object_id": "3",
    "object_repr": "VavyaPartner",
    "action_flag": 2,
    "change_message": "[{\"added\": {\"name\": \"user extended specification\", \"object\": \"2021-10-22\"}}]"
  }
},
{
  "model": "admin.logentry",
  "pk": 117,
  "fields": {
    "action_time": "2021-10-22T14:32:36.919",
    "user": [
      "funeral"
    ],
    "content_type": [
      "license_key_shop",
      "userextended"
    ],
    "object_id": "2",
    "object_repr": "TestUser",
    "action_flag": 2,
    "change_message": "[{\"added\": {\"name\": \"user extended specification\", \"object\": \"2021-10-22\"}}]"
  }
},
{
  "model": "admin.logentry",
  "pk": 118,
  "fields": {
    "action_time": "2021-10-22T14:33:46.788",
    "user": [
      "funeral"
    ],
    "content_type": [
      "license_key_shop",
      "userextended"
    ],
    "object_id": "21",
    "object_repr": "PostmanPartner6",
    "action_flag": 2,
    "change_message": "[{\"added\": {\"name\": \"user extended specification\", \"object\": \"2021-10-22\"}}]"
  }
},
{
  "model": "admin.logentry",
  "pk": 119,
  "fields": {
    "action_time": "2021-10-22T14:36:06.877",
    "user": [
      "funeral"
    ],
    "content_type": [
      "auth",
      "user"
    ],
    "object_id": "4",
    "object_repr": "VanyaPartner",
    "action_flag": 2,
    "change_message": "[{\"changed\": {\"fields\": [\"Username\"]}}]"
  }
},
{
  "model": "admin.logentry",
  "pk": 120,
  "fields": {
    "action_time": "2021-10-22T15:06:44.406",
    "user": [
      "funeral"
    ],
    "content_type": [
      "license_key_shop",
      "userextended"
    ],
    "object_id": "5",
    "object_repr": "AlinasMagazine",
    "action_flag": 2,
    "change_message": "[]"
  }
}
]
